股票编号,制造业
4019,0.0
4213,0.0
8166,0.0
10375,0.0
11737,0.0
12009,0.0
14450,0.0
15541,0.0
16479,0.0
16842,0.0
16916,0.0
17119,0.0
18545,0.0
18909,0.0
22933,0.0
23374,0.0
24973,0.0
26162,0.0
28956,0.0
29690,0.0
31035,0.0
38567,0.0
40307,0.0
43064,0.0
44578,0.0
46234,0.0
48259,0.0
48653,0.0
50357,0.0
51412,0.0
59849,0.0
60127,0.0
61598,0.0
61926,0.0
66130,0.0
73338,0.0
75332,0.0
75645,0.0
76021,0.0
78535,0.0
79499,0.0
79858,0.0
80746,0.0
81575,0.0
83794,0.0
85820,0.0
87157,0.0
90125,0.0
91172,0.0
93932,0.0
94541,0.0
97182,0.0
97965,0.0
101097,0.0
101104,0.0
101337,0.0
104072,0.0
104549,0.0
105671,0.0
105904,0.0
106527,0.0
106869,0.0
108723,0.0
110297,0.0
110322,0.0
110930,0.0
113472,0.0
114023,0.0
117639,0.0
123968,0.0
124250,0.0
126057,0.0
129401,0.0
131509,0.0
131628,0.0
132269,0.0
132908,0.0
133201,0.0
135231,0.0
139337,0.0
141151,0.0
141318,0.0
149322,0.0
150461,0.0
151160,0.0
152199,0.0
153891,0.0
153899,0.0
155039,0.0
155465,0.0
155545,0.0
155864,0.0
156371,0.0
158309,0.0
161107,0.0
164857,0.0
165474,0.0
165939,0.0
166534,0.0
166659,0.0
167355,0.0
168917,0.0
170662,0.0
170884,0.0
170984,0.0
175819,0.0
179199,0.0
179218,0.0
179251,0.0
179966,0.0
186585,0.0
186737,0.0
186893,0.0
188495,0.0
189771,0.0
192356,0.0
194125,0.0
195519,0.0
197856,0.0
198262,0.0
198487,0.0
198539,0.0
199622,0.0
200616,0.0
201470,0.0
205095,0.0
209181,0.0
209301,0.0
212845,0.0
216714,0.0
217951,0.0
220690,0.0
221075,0.0
221324,0.0
221893,0.0
225265,0.0
230192,0.0
236761,0.0
236815,0.0
244428,0.0
246603,0.0
255167,0.0
258210,0.0
264206,0.0
265177,0.0
266006,0.0
266742,0.0
267074,0.0
267427,0.0
272950,0.0
273854,0.0
275068,0.0
275701,0.0
276538,0.0
277077,0.0
278968,0.0
279363,0.0
282205,0.0
282935,0.0
284358,0.0
286833,0.0
287039,0.0
287574,0.0
288621,0.0
292008,0.0
295377,0.0
297427,0.0
300111,0.0
302307,0.0
303193,0.0
303370,0.0
305202,0.0
306498,0.0
307724,0.0
308594,0.0
312467,0.0
313420,0.0
313817,0.0
313819,0.0
314022,0.0
315165,0.0
316109,0.0
316930,0.0
318703,0.0
319384,0.0
321583,0.0
324540,0.0
325632,0.0
326314,0.0
328651,0.0
329681,0.0
332748,0.0
340565,0.0
341099,0.0
341651,0.0
341952,0.0
342901,0.0
345148,0.0
345524,0.0
346720,0.0
346754,0.0
349646,0.0
349920,0.0
351390,0.0
351925,0.0
355600,0.0
356793,0.0
358828,0.0
358853,0.0
361844,0.0
362724,0.0
364232,0.0
366283,0.0
368976,0.0
369154,0.0
370059,0.0
371889,0.0
372284,0.0
374375,0.0
376089,0.0
377634,0.0
378957,0.0
380931,0.0
381760,0.0
382304,0.0
383565,0.0
384975,0.0
387292,0.0
389880,0.0
390023,0.0
393115,0.0
393847,0.0
394111,0.0
395664,0.0
399217,0.0
399309,0.0
399416,0.0
399638,0.0
399769,0.0
402041,0.0
404174,0.0
405699,0.0
407079,0.0
407340,0.0
411601,0.0
412869,0.0
413331,0.0
413459,0.0
413764,0.0
414420,0.0
416037,0.0
419467,0.0
422647,0.0
423858,0.0
423935,0.0
423981,0.0
430977,0.0
431877,0.0
432167,0.0
433346,0.0
433522,0.0
433687,0.0
434178,0.0
441962,0.0
442451,0.0
444556,0.0
446004,0.0
449715,0.0
449726,0.0
450100,0.0
450788,0.0
451129,0.0
452506,0.0
454364,0.0
455179,0.0
456136,0.0
456184,0.0
457135,0.0
457147,0.0
457700,0.0
458208,0.0
458331,0.0
461623,0.0
467739,0.0
470630,0.0
471449,0.0
472332,0.0
472989,0.0
474887,0.0
475669,0.0
476331,0.0
477040,0.0
485636,0.0
491785,0.0
497752,0.0
498685,0.0
499053,0.0
499153,0.0
499981,0.0
500838,0.0
503333,0.0
507086,0.0
511361,0.0
513240,0.0
514041,0.0
514380,0.0
514791,0.0
518886,0.0
523912,0.0
525671,0.0
525963,0.0
527946,0.0
528269,0.0
531931,0.0
533141,0.0
535187,0.0
535245,0.0
539025,0.0
541225,0.0
541927,0.0
543893,0.0
545631,0.0
546563,0.0
548784,0.0
551401,0.0
551474,0.0
553215,0.0
553351,0.0
555697,0.0
556698,0.0
562194,0.0
562244,0.0
562252,0.0
564211,0.0
564742,0.0
565306,0.0
566071,0.0
566681,0.0
567337,0.0
568212,0.0
569860,0.0
570738,0.0
575615,0.0
579796,0.0
583371,0.0
586638,0.0
586830,0.0
592512,0.0
594883,0.0
595149,0.0
595703,0.0
596585,0.0
597927,0.0
599725,0.0
600838,0.0
600876,0.0
601185,0.0
601253,0.0
602385,0.0
606309,0.0
606752,0.0
607310,0.0
610185,0.0
612403,0.0
612944,0.0
613048,0.0
618786,0.0
619844,0.0
620914,0.0
622261,0.0
624528,0.0
624859,0.0
630294,0.0
634680,0.0
635943,0.0
637281,0.0
638139,0.0
641851,0.0
643668,0.0
644255,0.0
645611,0.0
647294,0.0
657210,0.0
657368,0.0
658680,0.0
660789,0.0
667428,0.0
668840,0.0
670897,0.0
674252,0.0
674330,0.0
674515,0.0
674518,0.0
676037,0.0
684655,0.0
684783,0.0
690093,0.0
693050,0.0
694894,0.0
701146,0.0
701615,0.0
708320,0.0
709182,0.0
710714,0.0
710728,0.0
711151,0.0
712794,0.0
718478,0.0
721454,0.0
723467,0.0
725435,0.0
725938,0.0
728224,0.0
728316,0.0
728586,0.0
729418,0.0
730493,0.0
733232,0.0
734112,0.0
734500,0.0
738195,0.0
738999,0.0
743895,0.0
744590,0.0
746992,0.0
747854,0.0
750803,0.0
750957,0.0
754448,0.0
760183,0.0
760361,0.0
760383,0.0
762924,0.0
767054,0.0
768938,0.0
769635,0.0
770077,0.0
770959,0.0
771199,0.0
772095,0.0
772122,0.0
775336,0.0
776743,0.0
778508,0.0
785839,0.0
786769,0.0
788123,0.0
789627,0.0
793822,0.0
795390,0.0
797107,0.0
800096,0.0
803645,0.0
804921,0.0
806696,0.0
809623,0.0
809725,0.0
810276,0.0
811328,0.0
815431,0.0
816170,0.0
816758,0.0
819058,0.0
819521,0.0
819629,0.0
820580,0.0
820979,0.0
821595,0.0
822450,0.0
822649,0.0
823133,0.0
824128,0.0
824674,0.0
829913,0.0
832528,0.0
833314,0.0
836298,0.0
840422,0.0
848311,0.0
852075,0.0
852413,0.0
852752,0.0
855477,0.0
858101,0.0
859910,0.0
862520,0.0
864250,0.0
866289,0.0
870449,0.0
870706,0.0
871333,0.0
875684,0.0
877559,0.0
879903,0.0
881568,0.0
881871,0.0
883594,0.0
883693,0.0
884731,0.0
887179,0.0
887775,0.0
888015,0.0
890374,0.0
890391,0.0
891966,0.0
894365,0.0
894508,0.0
895082,0.0
895853,0.0
896206,0.0
898129,0.0
901645,0.0
902566,0.0
904491,0.0
904971,0.0
905000,0.0
907017,0.0
907471,0.0
908477,0.0
912713,0.0
914996,0.0
916100,0.0
917791,0.0
919302,0.0
921811,0.0
922164,0.0
923620,0.0
929410,0.0
931345,0.0
932007,0.0
935400,0.0
937751,0.0
937917,0.0
941552,0.0
941701,0.0
943290,0.0
947351,0.0
947442,0.0
948844,0.0
951416,0.0
951649,0.0
954468,0.0
955844,0.0
956053,0.0
956355,0.0
964132,0.0
964290,0.0
964947,0.0
965153,0.0
966250,0.0
968384,0.0
975021,0.0
976608,0.0
978338,0.0
979406,0.0
983072,0.0
986020,0.0
987049,0.0
987176,0.0
988039,0.0
988571,0.0
989952,0.0
992630,0.0
993505,0.0
999241,0.0
999670,0.0
1001540,0.0
1003296,0.0
1003544,0.0
1003796,0.0
1004175,0.0
1004807,0.0
1005917,0.0
1006319,0.0
1006621,0.0
1007466,0.0
1007862,0.0
1008071,0.0
1009709,0.0
1010716,0.0
1010793,0.0
1012179,0.0
1016629,0.0
1018016,0.0
1020080,0.0
1024359,0.0
1025337,0.0
1026462,0.0
1027319,0.0
1037205,0.0
1037528,0.0
1038392,0.0
1039559,0.0
1040595,0.0
1040931,0.0
1042493,0.0
1044188,0.0
1044654,0.0
1047033,0.0
1047928,0.0
1050124,0.0
1052720,0.0
1052801,0.0
1053713,0.0
1058314,0.0
1060623,0.0
1065145,0.0
1070673,0.0
1071504,0.0
1072740,0.0
1072815,0.0
1074171,0.0
1075034,0.0
1075839,0.0
1075938,0.0
1077278,0.0
1079790,0.0
1080724,0.0
1082613,0.0
1084937,0.0
1087133,0.0
1094620,0.0
1099034,0.0
1099213,0.0
1100441,0.0
1100543,0.0
1102339,0.0
1103553,0.0
1103604,0.0
1106172,0.0
1110565,0.0
1111131,0.0
1113729,0.0
1114489,0.0
1117117,0.0
1117490,0.0
1118496,0.0
1120271,0.0
1122079,0.0
1126031,0.0
1126683,0.0
1129223,0.0
1129226,0.0
1129580,0.0
1132337,0.0
1133137,0.0
1133457,0.0
1133788,0.0
1134032,0.0
1135301,0.0
1135356,0.0
1135498,0.0
1135720,0.0
1136441,0.0
1136701,0.0
1138823,0.0
1139153,0.0
1141135,0.0
1144175,0.0
1144900,0.0
1145258,0.0
1146149,0.0
1146548,0.0
1148273,0.0
1148617,0.0
1148645,0.0
1149643,0.0
1153502,0.0
1159423,0.0
1162478,0.0
1163120,0.0
1165233,0.0
1165331,0.0
1165728,0.0
1166435,0.0
1170246,0.0
1171738,0.0
1175183,0.0
1175425,0.0
1175646,0.0
1177581,0.0
1177803,0.0
1181162,0.0
1182674,0.0
1183145,0.0
1185637,0.0
1188084,0.0
1190591,0.0
1198592,0.0
1205206,0.0
1215579,0.0
1215828,0.0
1217283,0.0
1217367,0.0
1217782,0.0
1221599,0.0
1222606,0.0
1222972,0.0
1224462,0.0
1230252,0.0
1230774,0.0
1231430,0.0
1233831,0.0
1234445,0.0
1235768,0.0
1238437,0.0
1238882,0.0
1241356,0.0
1241747,0.0
1243285,0.0
1244433,0.0
1246192,0.0
1246273,0.0
1247874,0.0
1248223,0.0
1251220,0.0
1253303,0.0
1254216,0.0
1257862,0.0
1260921,0.0
1261291,0.0
1261519,0.0
1263748,0.0
1264577,0.0
1265952,0.0
1267577,0.0
1268752,0.0
1271001,0.0
1273541,0.0
1274611,0.0
1275881,0.0
1276642,0.0
1281129,0.0
1284949,0.0
1286799,0.0
1286992,0.0
1290527,0.0
1291629,0.0
1296971,0.0
1298379,0.0
1299232,0.0
1304725,0.0
1306784,0.0
1309291,0.0
1309763,0.0
1313257,0.0
1313796,0.0
1314031,0.0
1314777,0.0
1317092,0.0
1317989,0.0
1321043,0.0
1322761,0.0
1325335,0.0
1326403,0.0
1326532,0.0
1328536,0.0
1328820,0.0
1329484,0.0
1329529,0.0
1329889,0.0
1331316,0.0
1332441,0.0
1336105,0.0
1336271,0.0
1339220,0.0
1339816,0.0
1343104,0.0
1346405,0.0
1347287,0.0
1350121,0.0
1357539,0.0
1360598,0.0
1364085,0.0
1369477,0.0
1369729,0.0
1369946,0.0
1370698,0.0
1370722,0.0
1370914,0.0
1371332,0.0
1373516,0.0
1374221,0.0
1375631,0.0
1381078,0.0
1381794,0.0
1382682,0.0
1383011,0.0
1384482,0.0
1385133,0.0
1392170,0.0
1394025,0.0
1394196,0.0
1396843,0.0
1396887,0.0
1397175,0.0
1400325,0.0
1401020,0.0
1405472,0.0
1405719,0.0
1405974,0.0
1406066,0.0
1407770,0.0
1408989,0.0
1409661,0.0
1409775,0.0
1410751,0.0
1412354,0.0
1412588,0.0
1414020,0.0
1414918,0.0
1416629,0.0
1419894,0.0
1421414,0.0
1422615,0.0
1423335,0.0
1425107,0.0
1425109,0.0
1428508,0.0
1429559,0.0
1430413,0.0
1430872,0.0
1432271,0.0
1432553,0.0
1434141,0.0
1440299,0.0
1441266,0.0
1442730,0.0
1443643,0.0
1444042,0.0
1445244,0.0
1449104,0.0
1451018,0.0
1452457,0.0
1452732,0.0
1458321,0.0
1458385,0.0
1461600,0.0
1462289,0.0
1463106,0.0
1465391,0.0
1465628,0.0
1468966,0.0
1469850,0.0
1471805,0.0
1475529,0.0
1475852,0.0
1481416,0.0
1481607,0.0
1483398,0.0
1484603,0.0
1485226,0.0
1487845,0.0
1488195,0.0
1493613,0.0
1494380,0.0
1495294,0.0
1497298,0.0
1498321,0.0
1498540,0.0
1499870,0.0
1500159,0.0
1503619,0.0
1505342,0.0
1506160,0.0
1508169,0.0
1508508,0.0
1508932,0.0
1512805,0.0
1513188,0.0
1516817,0.0
1518135,0.0
1518200,0.0
1518609,0.0
1521701,0.0
1522092,0.0
1524537,0.0
1527075,0.0
1528483,0.0
1529383,0.0
1530498,0.0
1532203,0.0
1532773,0.0
1533276,0.0
1534091,0.0
1534363,0.0
1536458,0.0
1541908,0.0
1545063,0.0
1545745,0.0
1548653,0.0
1552751,0.0
1555527,0.0
1556644,0.0
1563047,0.0
1563376,0.0
1565275,0.0
1566120,0.0
1566550,0.0
1566620,0.0
1568911,0.0
1570175,0.0
1571202,0.0
1572140,0.0
1572154,0.0
1572385,0.0
1572946,0.0
1574678,0.0
1574980,0.0
1575339,0.0
1578921,0.0
1579944,0.0
1582283,0.0
1582480,0.0
1582790,0.0
1587942,0.0
1589788,0.0
1591753,0.0
1594622,0.0
1595485,0.0
1596642,0.0
1597448,0.0
1608192,0.0
1611152,0.0
1612510,0.0
1612806,0.0
1613286,0.0
1613715,0.0
1616225,0.0
1616233,0.0
1616565,0.0
1618780,0.0
1620275,0.0
1621842,0.0
1623299,0.0
1624405,0.0
1626621,0.0
1627401,0.0
1628824,0.0
1630337,0.0
1632688,0.0
1633628,0.0
1634387,0.0
1636995,0.0
1637302,0.0
1644007,0.0
1644761,0.0
1646496,0.0
1648512,0.0
1650241,0.0
1650911,0.0
1654161,0.0
1654165,0.0
1654661,0.0
1656705,0.0
1657555,0.0
1658586,0.0
1663579,0.0
1667495,0.0
1667711,0.0
1667755,0.0
1669559,0.0
1670809,0.0
1673393,0.0
1675551,0.0
1677269,0.0
1680024,0.0
1680083,0.0
1681538,0.0
1682358,0.0
1684072,0.0
1689193,0.0
1691956,0.0
1697666,0.0
1699370,0.0
1703650,0.0
1707093,0.0
1712684,0.0
1717145,0.0
1721073,0.0
1721373,0.0
1722591,0.0
1722883,0.0
1726235,0.0
1729365,0.0
1733796,0.0
1735029,0.0
1735219,0.0
1737653,0.0
1741317,0.0
1743061,0.0
1750857,0.0
1754629,0.0
1756674,0.0
1759297,0.0
1759434,0.0
1768803,0.0
1770927,0.0
1771521,0.0
1782031,0.0
1786298,0.0
1787928,0.0
1789413,0.0
1790666,0.0
1791323,0.0
1794373,0.0
1794808,0.0
1795625,0.0
1797359,0.0
1798131,0.0
1798741,0.0
1799649,0.0
1799808,0.0
1802096,0.0
1802653,0.0
1804989,0.0
1805450,0.0
1806599,0.0
1808445,0.0
1810275,0.0
1810366,0.0
1811362,0.0
1812955,0.0
1817076,0.0
1818220,0.0
1818260,0.0
1819932,0.0
1820265,0.0
1821565,0.0
1823531,0.0
1823581,0.0
1826967,0.0
1827220,0.0
1829015,0.0
1829017,0.0
1835470,0.0
1837722,0.0
1840338,0.0
1843500,0.0
1850533,0.0
1851019,0.0
1854376,0.0
1854599,0.0
1855531,0.0
1856192,0.0
1860131,0.0
1861716,0.0
1862745,0.0
1865766,0.0
1868870,0.0
1870298,0.0
1870613,0.0
1873319,0.0
1874358,0.0
1874999,0.0
1876786,0.0
1878137,0.0
1880467,0.0
1883061,0.0
1883699,0.0
1884324,0.0
1885796,0.0
1887598,0.0
1891798,0.0
1891959,0.0
1894032,0.0
1894228,0.0
1895994,0.0
1896420,0.0
1896850,0.0
1898333,0.0
1898974,0.0
1905052,0.0
1906956,0.0
1908690,0.0
1910210,0.0
1910488,0.0
1911422,0.0
1913163,0.0
1913749,0.0
1915230,0.0
1917077,0.0
1917131,0.0
1917418,0.0
1924449,0.0
1928116,0.0
1929744,0.0
1934882,0.0
1938875,0.0
1942400,0.0
1950120,0.0
1963781,0.0
1965832,0.0
1968470,0.0
1969676,0.0
1971998,0.0
1972047,0.0
1974008,0.0
1975301,0.0
1975707,0.0
1976530,0.0
1977406,0.0
1981475,0.0
1982047,0.0
1982994,0.0
1983739,0.0
1986566,0.0
1989901,0.0
1990388,0.0
1991737,0.0
1993579,0.0
1994368,0.0
1997525,0.0
1998081,0.0
1999544,0.0
2002134,0.0
2002215,0.0
2002891,0.0
2005368,0.0
2008005,0.0
2008397,0.0
2011661,0.0
2012862,0.0
2013553,0.0
2017246,0.0
2017649,0.0
2019566,0.0
2020681,0.0
2024615,0.0
2025259,0.0
2026837,0.0
2034931,0.0
2035791,0.0
2040251,0.0
2041073,0.0
2043333,0.0
2045515,0.0
2046826,0.0
2051208,0.0
2056772,0.0
2056978,0.0
2057247,0.0
2060997,0.0
2069367,0.0
2070474,0.0
2072188,0.0
2073945,0.0
2073996,0.0
2075006,0.0
2077217,0.0
2077309,0.0
2081779,0.0
2090156,0.0
2091066,0.0
2091677,0.0
2092214,0.0
2094263,0.0
2095989,0.0
2098319,0.0
2098788,0.0
2099780,0.0
2101546,0.0
2102183,0.0
2103191,0.0
2103587,0.0
2104433,0.0
2105295,0.0
2106304,0.0
2107543,0.0
2111801,0.0
2112284,0.0
2113648,0.0
2114254,0.0
2115779,0.0
2116942,0.0
2117675,0.0
2117863,0.0
2118365,0.0
2119629,0.0
2120499,0.0
2120772,0.0
2121534,0.0
2122744,0.0
2125388,0.0
2129587,0.0
2135452,0.0
2136960,0.0
2137564,0.0
2140081,0.0
2141212,0.0
2143791,0.0
2143850,0.0
2144193,0.0
2148234,0.0
2148940,0.0
2149006,0.0
2149045,0.0
2157880,0.0
2159171,0.0
2160070,0.0
2160147,0.0
2160401,0.0
2162154,0.0
2165033,0.0
2165071,0.0
2166972,0.0
2167473,0.0
2168450,0.0
2169342,0.0
2170636,0.0
2173568,0.0
2174818,0.0
2175557,0.0
2178858,0.0
2180481,0.0
2182396,0.0
2183551,0.0
2185700,0.0
2188013,0.0
2189558,0.0
2191969,0.0
2192248,0.0
2193234,0.0
2196988,0.0
2199418,0.0
2201583,0.0
2201835,0.0
2203886,0.0
2204742,0.0
2207678,0.0
2208285,0.0
2211301,0.0
2212347,0.0
2213912,0.0
2214474,0.0
2215165,0.0
2216125,0.0
2217174,0.0
2218007,0.0
2218726,0.0
2219887,0.0
2220298,0.0
2221530,0.0
2223088,0.0
2225865,0.0
2230330,0.0
2233158,0.0
2238213,0.0
2239503,0.0
2241117,0.0
2241211,0.0
2241438,0.0
2242139,0.0
2242469,0.0
2242597,0.0
2244751,0.0
2244863,0.0
2245691,0.0
2246210,0.0
2246642,0.0
2250856,0.0
2252548,0.0
2254090,0.0
2254187,0.0
2257304,0.0
2259444,0.0
2262772,0.0
2265453,0.0
2265735,0.0
2266761,0.0
2267190,0.0
2268406,0.0
2273524,0.0
2278661,0.0
2279720,0.0
2282337,0.0
2282757,0.0
2282829,0.0
2282940,0.0
2284030,0.0
2284525,0.0
2286826,0.0
2291954,0.0
2294861,0.0
2299141,0.0
2299220,0.0
2299459,0.0
2309101,0.0
2312751,0.0
2313521,0.0
2318006,0.0
2321812,0.0
2323008,0.0
2323441,0.0
2323612,0.0
2330333,0.0
2337802,0.0
2338362,0.0
2339479,0.0
2340104,0.0
2341062,0.0
2341416,0.0
2343903,0.0
2347419,0.0
2349310,0.0
2350036,0.0
2354043,0.0
2355249,0.0
2357255,0.0
2360789,0.0
2363841,0.0
2364212,0.0
2364664,0.0
2367204,0.0
2369908,0.0
2371659,0.0
2374556,0.0
2376155,0.0
2382820,0.0
2383853,0.0
2385128,0.0
2385377,0.0
2389851,0.0
2391741,0.0
2396884,0.0
2399045,0.0
2399295,0.0
2401311,0.0
2405322,0.0
2412919,0.0
2414729,0.0
2416850,0.0
2418653,0.0
2426654,0.0
2432167,0.0
2432517,0.0
2433853,0.0
2434911,0.0
2435254,0.0
2435904,0.0
2436184,0.0
2436571,0.0
2436688,0.0
2437211,0.0
2440502,0.0
2442440,0.0
2444790,0.0
2445197,0.0
2447186,0.0
2448098,0.0
2449879,0.0
2450420,0.0
2450989,0.0
2453608,0.0
2453719,0.0
2455060,0.0
2456492,0.0
2459804,0.0
2463980,0.0
2464178,0.0
2472932,0.0
2474292,0.0
2478923,0.0
2483005,0.0
2485450,0.0
2485850,0.0
2488420,0.0
2488739,0.0
2492138,0.0
2498629,0.0
2500113,0.0
2501783,0.0
2502640,0.0
2502747,0.0
2503202,0.0
2503243,0.0
2503842,0.0
2504802,0.0
2510332,0.0
2510568,0.0
2511658,0.0
2513551,0.0
2516103,0.0
2517417,0.0
2521069,0.0
2521125,0.0
2527742,0.0
2529516,0.0
2531178,0.0
2533755,0.0
2535005,0.0
2537314,0.0
2541333,0.0
2542677,0.0
2542695,0.0
2544142,0.0
2544523,0.0
2547890,0.0
2549731,0.0
2553705,0.0
2554395,0.0
2557517,0.0
2563078,0.0
2564968,0.0
2567508,0.0
2567956,0.0
2569278,0.0
2569719,0.0
2571447,0.0
2571976,0.0
2572371,0.0
2572768,0.0
2572928,0.0
2577777,0.0
2578224,0.0
2584006,0.0
2585048,0.0
2589473,0.0
2590191,0.0
2593355,0.0
2593800,0.0
2595225,0.0
2598373,0.0
2604208,0.0
2606132,0.0
2606286,0.0
2606320,0.0
2608641,0.0
2611472,0.0
2611741,0.0
2615523,0.0
2615634,0.0
2617206,0.0
2623104,0.0
2624291,0.0
2625107,0.0
2626870,0.0
2634733,0.0
2641163,0.0
2643320,0.0
2644676,0.0
2644841,0.0
2649230,0.0
2649485,0.0
2650368,0.0
2650796,0.0
2650910,0.0
2651580,0.0
2653002,0.0
2653117,0.0
2654294,0.0
2656200,0.0
2656670,0.0
2657564,0.0
2660544,0.0
2662475,0.0
2662985,0.0
2664702,0.0
2665725,0.0
2666796,0.0
2670976,0.0
2671967,0.0
2673612,0.0
2673644,0.0
2673748,0.0
2674558,0.0
2675963,0.0
2676611,0.0
2677901,0.0
2678069,0.0
2678819,0.0
2680085,0.0
2680698,0.0
2681945,0.0
2684172,0.0
2694256,0.0
2696442,0.0
2703225,0.0
2704109,0.0
2705538,0.0
2706123,0.0
2706709,0.0
2712830,0.0
2713266,0.0
2717444,0.0
2719750,0.0
2720198,0.0
2720616,0.0
2726883,0.0
2727203,0.0
2727652,0.0
2729166,0.0
2730037,0.0
2731130,0.0
2731785,0.0
2732587,0.0
2733720,0.0
2736463,0.0
2736593,0.0
2738990,0.0
2739226,0.0
2741396,0.0
2742347,0.0
2744036,0.0
2744044,0.0
2744139,0.0
2745140,0.0
2749677,0.0
2749833,0.0
2749960,0.0
2754600,0.0
2755359,0.0
2757064,0.0
2761144,0.0
2764335,0.0
2765388,0.0
2766738,0.0
2771034,0.0
2773054,0.0
2773450,0.0
2775104,0.0
2775417,0.0
2777010,0.0
2781868,0.0
2790290,0.0
2792275,0.0
2794894,0.0
2795168,0.0
2795783,0.0
2797410,0.0
2798174,0.0
2801960,0.0
2803873,0.0
2806448,0.0
2810167,0.0
2811617,0.0
2812321,0.0
2813990,0.0
2818207,0.0
2818685,0.0
2823180,0.0
2826195,0.0
2827412,0.0
2830168,0.0
2831249,0.0
2833735,0.0
2837421,0.0
2838489,0.0
2839154,0.0
2839428,0.0
2839762,0.0
2840050,0.0
2841464,0.0
2842108,0.0
2845168,0.0
2847211,0.0
2847618,0.0
2848498,0.0
2850112,0.0
2850127,0.0
2852827,0.0
2855085,0.0
2855179,0.0
2855686,0.0
2858413,0.0
2859773,0.0
2859900,0.0
2860184,0.0
2867738,0.0
2867875,0.0
2871609,0.0
2873110,0.0
2874607,0.0
2874624,0.0
2878912,0.0
2881859,0.0
2882422,0.0
2882729,0.0
2882958,0.0
2883650,0.0
2884420,0.0
2885584,0.0
2885666,0.0
2887603,0.0
2888935,0.0
2892989,0.0
2894195,0.0
2894708,0.0
2897105,0.0
2898375,0.0
2907188,0.0
2909065,0.0
2911715,0.0
2913710,0.0
2914996,0.0
2915613,0.0
2925482,0.0
2930715,0.0
2933411,0.0
2934949,0.0
2935520,0.0
2936114,0.0
2937953,0.0
2941088,0.0
2947873,0.0
2948620,0.0
2950206,0.0
2951351,0.0
2953662,0.0
2957572,0.0
2957845,0.0
2959829,0.0
2961236,0.0
2962157,0.0
2965488,0.0
2968103,0.0
2970288,0.0
2970686,0.0
2971337,0.0
2972296,0.0
2974487,0.0
2978700,0.0
2982808,0.0
2988101,0.0
2990893,0.0
2990894,0.0
2993304,0.0
2995618,0.0
2997976,0.0
3000725,0.0
3003716,0.0
3008718,0.0
3008909,0.0
3010580,0.0
3011698,0.0
3011841,0.0
3012696,0.0
3015427,0.0
3017801,0.0
3020358,0.0
3021799,0.0
3021983,0.0
3022330,0.0
3022866,0.0
3025546,0.0
3026430,0.0
3027803,0.0
3027989,0.0
3028649,0.0
3033695,0.0
3034297,0.0
3035270,0.0
3037626,0.0
3038942,0.0
3040312,0.0
3042427,0.0
3046781,0.0
3047280,0.0
3047988,0.0
3049019,0.0
3050879,0.0
3052129,0.0
3054550,0.0
3054799,0.0
3056128,0.0
3056350,0.0
3058832,0.0
3062145,0.0
3064948,0.0
3065507,0.0
3066737,0.0
3066783,0.0
3067052,0.0
3067463,0.0
3069015,0.0
3071962,0.0
3075561,0.0
3075745,0.0
3077090,0.0
3077251,0.0
3078773,0.0
3080144,0.0
3081052,0.0
3081653,0.0
3083556,0.0
3085552,0.0
3085776,0.0
3087276,0.0
3090508,0.0
3094723,0.0
3097766,0.0
3097851,0.0
3098481,0.0
3100412,0.0
3101335,0.0
3101961,0.0
3103359,0.0
3104979,0.0
3106449,0.0
3108566,0.0
3109241,0.0
3110158,0.0
3110270,0.0
3111859,0.0
3112180,0.0
3112209,0.0
3113545,0.0
3113925,0.0
3115356,0.0
3115603,0.0
3115892,0.0
3118629,0.0
3119641,0.0
3120883,0.0
3121955,0.0
3122352,0.0
3123622,0.0
3129020,0.0
3130122,0.0
3131688,0.0
3132509,0.0
3135522,0.0
3135575,0.0
3135816,0.0
3146392,0.0
3147949,0.0
3149106,0.0
3149638,0.0
3151278,0.0
3156619,0.0
3158747,0.0
3159960,0.0
3160054,0.0
3160561,0.0
3164095,0.0
3166114,0.0
3169501,0.0
3172359,0.0
3176679,0.0
3181227,0.0
3184478,0.0
3189133,0.0
3192052,0.0
3194036,0.0
3195475,0.0
3195649,0.0
3200115,0.0
3203748,0.0
3204650,0.0
3205897,0.0
3207451,0.0
3208562,0.0
3210316,0.0
3210757,0.0
3211371,0.0
3211638,0.0
3213851,0.0
3214052,0.0
3215171,0.0
3217869,0.0
3218263,0.0
3220876,0.0
3221259,0.0
3221399,0.0
3223020,0.0
3224833,0.0
3225153,0.0
3226814,0.0
3229833,0.0
3243599,0.0
3248102,0.0
3253885,0.0
3253887,0.0
3254864,0.0
3255450,0.0
3260758,0.0
3261456,0.0
3265599,0.0
3267372,0.0
3267677,0.0
3268286,0.0
3270388,0.0
3276718,0.0
3277491,0.0
3285030,0.0
3287799,0.0
3288731,0.0
3288841,0.0
3289065,0.0
3291675,0.0
3291893,0.0
3294067,0.0
3294841,0.0
3300840,0.0
3304397,0.0
3307150,0.0
3307537,0.0
3308310,0.0
3308742,0.0
3310503,0.0
3313021,0.0
3314357,0.0
3315757,0.0
3316094,0.0
3318185,0.0
3318346,0.0
3319221,0.0
3322895,0.0
3324469,0.0
3325982,0.0
3326302,0.0
3327052,0.0
3327974,0.0
3328655,0.0
3329689,0.0
3330340,0.0
3331378,0.0
3334704,0.0
3335242,0.0
3336683,0.0
3340535,0.0
3342777,0.0
3343794,0.0
3344750,0.0
3349592,0.0
3354964,0.0
3355150,0.0
3357773,0.0
3358904,0.0
3359085,0.0
3362785,0.0
3363404,0.0
3365438,0.0
3365816,0.0
3365822,0.0
3368302,0.0
3369481,0.0
3372714,0.0
3373483,0.0
3379060,0.0
3379549,0.0
3379652,0.0
3382532,0.0
3387909,0.0
3390765,0.0
3394739,0.0
3394783,0.0
3395506,0.0
3396134,0.0
3396441,0.0
3397936,0.0
3403109,0.0
3405387,0.0
3405575,0.0
3412883,0.0
3415798,0.0
3418025,0.0
3418224,0.0
3422917,0.0
3423826,0.0
3423888,0.0
3424430,0.0
3424441,0.0
3424900,0.0
3425150,0.0
3425757,0.0
3426980,0.0
3429624,0.0
3429805,0.0
3430635,0.0
3435688,0.0
3437542,0.0
3437841,0.0
3440528,0.0
3440624,0.0
3444357,0.0
3444868,0.0
3449798,0.0
3451668,0.0
3456641,0.0
3458266,0.0
3458554,0.0
3458612,0.0
3460212,0.0
3461782,0.0
3463656,0.0
3464166,0.0
3465069,0.0
3466563,0.0
3469657,0.0
3474680,0.0
3478947,0.0
3481484,0.0
3483148,0.0
3496504,0.0
3497878,0.0
3499906,0.0
3500898,0.0
3501451,0.0
3505073,0.0
3506976,0.0
3508570,0.0
3509322,0.0
3511002,0.0
3513092,0.0
3514209,0.0
3516234,0.0
3517302,0.0
3517308,0.0
3518673,0.0
3520282,0.0
3520663,0.0
3521170,0.0
3524829,0.0
3525122,0.0
3526063,0.0
3526329,0.0
3529691,0.0
3530157,0.0
3530987,0.0
3536395,0.0
3537018,0.0
3537508,0.0
3538572,0.0
3539128,0.0
3539553,0.0
3541336,0.0
3543509,0.0
3548044,0.0
3548762,0.0
3548947,0.0
3550397,0.0
3552926,0.0
3557551,0.0
3559162,0.0
3561934,0.0
3562381,0.0
3563206,0.0
3565648,0.0
3570352,0.0
3570756,0.0
3571793,0.0
3572384,0.0
3578117,0.0
3582068,0.0
3585550,0.0
3587014,0.0
3587270,0.0
3589157,0.0
3589809,0.0
3590413,0.0
3594311,0.0
3595366,0.0
3596878,0.0
3601904,0.0
3605075,0.0
3611148,0.0
3611621,0.0
3612127,0.0
3615475,0.0
3615925,0.0
3616385,0.0
3619510,0.0
3623756,0.0
3630599,0.0
3637124,0.0
3640592,0.0
3641479,0.0
3644236,0.0
3645524,0.0
3646332,0.0
3646698,0.0
3647900,0.0
3647905,0.0
3658552,0.0
3660397,0.0
3660639,0.0
3661614,0.0
3662147,0.0
3665997,0.0
3669616,0.0
3669902,0.0
3673672,0.0
3674160,0.0
3675317,0.0
3676841,0.0
3679000,0.0
3680900,0.0
3682953,0.0
3683657,0.0
3683801,0.0
3683927,0.0
3686245,0.0
3687866,0.0
3690439,0.0
3690837,0.0
3691642,0.0
3691767,0.0
3691837,0.0
3693858,0.0
3695289,0.0
3695809,0.0
3696856,0.0
3706234,0.0
3709714,0.0
3716081,0.0
3716093,1.0
3716841,0.0
3718803,0.0
3721349,0.0
3725916,0.0
3728138,0.0
3728534,0.0
3728995,0.0
3729350,0.0
3732111,0.0
3732282,0.0
3734026,0.0
3737643,0.0
3739155,0.0
3740101,0.0
3740726,0.0
3743084,0.0
3750282,0.0
3754459,0.0
3760139,0.0
3762426,0.0
3764445,0.0
3764455,0.0
3765720,0.0
3766507,0.0
3768636,0.0
3769032,0.0
3778265,0.0
3778753,0.0
3779821,0.0
3783089,0.0
3783229,0.0
3785408,0.0
3794224,0.0
3796888,0.0
3805930,0.0
3807263,0.0
3808225,0.0
3810059,0.0
3812379,0.0
3813944,0.0
3814950,0.0
3815807,0.0
3816511,0.0
3819164,0.0
3819183,0.0
3819610,0.0
3822450,0.0
3823641,0.0
3824084,0.0
3827071,0.0
3827670,0.0
3827926,0.0
3828728,0.0
3832530,0.0
3835191,0.0
3836516,0.0
3836723,0.0
3837777,0.0
3838184,0.0
3842888,0.0
3845824,0.0
3846279,0.0
3848335,0.0
3849093,0.0
3850081,0.0
3852038,0.0
3852598,0.0
3852602,0.0
3857935,0.0
3858895,0.0
3861864,0.0
3864007,0.0
3865390,0.0
3866870,0.0
3868783,0.0
3868842,0.0
3869439,0.0
3872933,0.0
3879444,0.0
3882975,0.0
3895432,0.0
3896221,0.0
3896843,0.0
3903931,0.0
3906022,0.0
3910370,0.0
3912841,0.0
3912940,0.0
3914715,0.0
3916009,0.0
3918162,0.0
3919522,0.0
3923342,0.0
3923399,0.0
3925449,0.0
3925532,0.0
3929078,0.0
3930383,0.0
3931035,0.0
3932428,0.0
3936602,0.0
3938630,0.0
3940411,0.0
3942464,0.0
3944909,0.0
3946194,0.0
3946582,0.0
3948327,0.0
3951418,0.0
3956031,0.0
3956555,0.0
3958782,0.0
3961367,0.0
3968565,0.0
3970937,0.0
3972502,0.0
3975669,0.0
3977198,0.0
3977645,0.0
3978361,0.0
3979355,0.0
3980135,0.0
3980156,0.0
3983344,0.0
3992161,0.0
3994890,0.0
3997574,0.0
3997925,0.0
4004646,0.0
4008179,0.0
4010665,0.0
4010710,0.0
4014208,0.0
4019149,0.0
4020297,0.0
4021339,0.0
4022187,0.0
4024386,0.0
4029622,0.0
4030867,0.0
4033396,0.0
4034913,0.0
4037077,0.0
4039597,0.0
4040166,0.0
4041432,0.0
4042666,0.0
4044404,0.0
4050050,0.0
4054407,0.0
4054662,0.0
4057401,0.0
4065052,0.0
4065876,0.0
4066836,0.0
4072673,0.0
4074874,0.0
4075655,0.0
4077711,0.0
4077823,0.0
4078913,0.0
4083994,0.0
4085799,0.0
4087185,0.0
4087395,0.0
4087559,0.0
4089617,0.0
4091142,0.0
4092585,0.0
4095867,0.0
4098124,0.0
4098191,0.0
4100876,0.0
4103768,0.0
4105715,0.0
4106218,0.0
4109573,0.0
4110715,0.0
4112415,0.0
4114563,0.0
4116283,0.0
4120722,0.0
4121875,0.0
4123449,0.0
4125816,0.0
4130837,0.0
4135014,0.0
4135297,0.0
4135376,0.0
4135766,0.0
4136067,0.0
4140449,0.0
4140595,0.0
4140734,0.0
4142576,0.0
4145458,0.0
4147090,0.0
4155287,0.0
4157869,0.0
4159157,0.0
4161524,0.0
4162291,0.0
4164351,0.0
4167552,0.0
4169594,0.0
4173349,0.0
4174154,0.0
4178256,0.0
4180913,0.0
4182212,0.0
4186082,0.0
4186778,0.0
4186839,0.0
4191281,0.0
4192788,0.0
4200913,0.0
4201651,0.0
4202379,0.0
4204536,0.0
4205353,0.0
4208334,0.0
4208803,0.0
4210356,0.0
4211486,0.0
4217767,0.0
4218852,0.0
4222359,0.0
4225547,0.0
4226759,0.0
4226812,0.0
4227127,0.0
4231015,0.0
4239040,0.0
4239770,0.0
4248255,0.0
4249685,0.0
4250178,0.0
4258410,0.0
4259116,0.0
4259342,0.0
4260199,0.0
4260952,0.0
4261862,0.0
4262214,0.0
4263001,0.0
4264221,0.0
4265385,0.0
4265896,0.0
4270560,0.0
4270592,0.0
4271484,0.0
4271562,0.0
4272413,0.0
4275420,0.0
4277219,0.0
4279414,0.0
4281724,0.0
4282631,0.0
4284675,0.0
4285172,0.0
4286287,0.0
4287475,0.0
4288532,0.0
4290571,0.0
4290778,0.0
4297859,0.0
4298252,0.0
4298388,0.0
4298612,0.0
4299673,0.0
4301345,0.0
4301415,0.0
4313396,0.0
4314899,0.0
4317223,0.0
4318116,0.0
4318804,0.0
4321319,0.0
4321620,0.0
4322601,0.0
4326192,0.0
4330337,0.0
4330412,0.0
4332587,0.0
4335739,0.0
4336447,0.0
4337932,0.0
4338874,0.0
4339737,0.0
4341392,0.0
4342588,0.0
4344446,0.0
4344849,0.0
4347462,0.0
4354943,0.0
4362511,0.0
4362849,0.0
4363380,0.0
4364599,0.0
4365512,0.0
4365972,0.0
4370318,0.0
4375572,0.0
4376158,0.0
4383826,0.0
4385315,0.0
4387065,0.0
4389570,0.0
4390993,0.0
4391931,0.0
4392340,0.0
4395814,0.0
4400194,0.0
4400909,0.0
4401007,0.0
4409568,0.0
4415670,0.0
4417243,0.0
4418107,0.0
4421719,0.0
4422658,0.0
4425487,0.0
4426915,0.0
4428251,0.0
4429333,0.0
4429356,0.0
4439428,0.0
4441346,0.0
4445286,0.0
4445491,0.0
4445741,0.0
4446198,0.0
4448375,0.0
4448515,0.0
4450119,0.0
4451155,0.0
4452085,0.0
4452497,0.0
4452543,0.0
4452716,0.0
4453842,0.0
4454243,0.0
4455960,0.0
4456301,0.0
4456759,0.0
4457036,0.0
4457516,0.0
4458043,0.0
4459127,0.0
4462224,0.0
4464602,0.0
4465809,0.0
4467430,0.0
4469066,0.0
4470564,0.0
4471087,0.0
4471107,0.0
4474326,0.0
4475502,0.0
4475853,0.0
4476059,0.0
4476136,0.0
4476394,0.0
4477992,0.0
4478282,0.0
4479025,0.0
4479986,0.0
4481706,0.0
4483434,0.0
4484665,0.0
4488825,0.0
4490413,0.0
4494084,0.0
4496074,0.0
4502686,0.0
4506687,0.0
4507053,0.0
4510899,0.0
4513724,0.0
4514761,0.0
4515451,0.0
4516557,0.0
4517429,0.0
4517899,0.0
4520607,0.0
4520675,0.0
4521727,0.0
4527346,0.0
4528347,0.0
4529497,0.0
4530407,0.0
4530909,0.0
4531379,0.0
4535521,0.0
4537000,0.0
4537251,0.0
4537567,0.0
4538652,0.0
4542815,0.0
4545177,0.0
4545875,0.0
4547716,0.0
4549611,0.0
4553191,0.0
4554826,0.0
4555438,0.0
4562930,0.0
4563123,0.0
4563832,0.0
4564567,0.0
4564768,0.0
4564865,0.0
4569042,0.0
4576283,0.0
4576292,0.0
4577013,0.0
4578047,0.0
4578172,0.0
4578429,0.0
4580624,0.0
4582173,0.0
4584432,0.0
4585742,0.0
4586424,0.0
4588414,0.0
4589100,0.0
4589232,0.0
4593073,0.0
4593225,0.0
4593800,0.0
4594694,0.0
4601114,0.0
4601830,0.0
4603211,0.0
4607997,0.0
4616010,0.0
4616636,0.0
4617280,0.0
4617424,0.0
4618480,0.0
4619187,0.0
4621005,0.0
4621970,0.0
4625347,0.0
4626139,0.0
4627290,0.0
4635354,0.0
4635708,0.0
4636282,0.0
4636588,0.0
4636700,0.0
4638024,0.0
4640362,0.0
4643751,0.0
4650061,0.0
4650126,0.0
4652336,0.0
4652939,0.0
4653879,0.0
4655116,0.0
4659104,0.0
4662569,0.0
4662982,0.0
4663150,0.0
4667156,0.0
4667742,0.0
4668285,0.0
4669664,0.0
4673314,0.0
4674620,0.0
4675862,0.0
4677232,0.0
4677622,0.0
4680552,0.0
4684273,0.0
4685195,0.0
4687189,0.0
4691196,0.0
4691956,0.0
4694271,0.0
4694403,0.0
4694503,0.0
4694921,0.0
4695619,0.0
4697763,0.0
4699901,0.0
4701386,0.0
4705757,0.0
4707241,0.0
4709520,0.0
4710520,0.0
4710729,0.0
4715728,0.0
4715729,0.0
4717496,0.0
4717649,0.0
4718480,0.0
4719109,0.0
4720778,0.0
4722207,0.0
4723020,0.0
4724002,0.0
4724087,0.0
4725074,0.0
4727801,0.0
4727846,0.0
4728764,0.0
4729322,0.0
4731575,0.0
4732433,0.0
4734825,0.0
4735186,0.0
4735999,0.0
4736790,0.0
4737213,0.0
4741128,0.0
4741279,0.0
4743074,0.0
4746096,0.0
4753635,0.0
4755166,0.0
4757038,0.0
4757681,0.0
4758209,0.0
4770101,0.0
4771385,0.0
4772233,0.0
4773317,0.0
4773872,0.0
4775424,0.0
4775806,0.0
4777173,0.0
4779923,0.0
4780052,0.0
4781977,0.0
4785950,0.0
4787199,0.0
4787579,0.0
4789867,0.0
4794566,0.0
4795842,0.0
4798307,0.0
4800496,0.0
4803187,0.0
4804293,0.0
4805524,0.0
4808278,0.0
4810622,0.0
4817090,0.0
4818019,0.0
4818904,0.0
4819734,0.0
4821006,0.0
4822930,0.0
4823481,0.0
4823669,0.0
4824996,0.0
4826213,0.0
4829031,0.0
4830755,0.0
4832037,0.0
4832066,0.0
4835102,0.0
4837046,0.0
4837273,0.0
4838610,0.0
4838928,0.0
4839278,0.0
4841553,0.0
4841554,0.0
4850244,0.0
4852267,0.0
4854651,0.0
4854776,0.0
4857304,0.0
4859692,0.0
4861292,0.0
4861670,0.0
4862572,0.0
4863335,0.0
4864298,0.0
4871954,0.0
4877731,0.0
4882136,0.0
4883506,0.0
4885988,0.0
4889015,0.0
4890415,0.0
4890706,0.0
4891592,0.0
4895003,0.0
4896726,0.0
4897311,0.0
4898392,0.0
4899088,0.0
4900057,0.0
4900925,0.0
4901805,0.0
4910243,0.0
4911667,0.0
4913098,0.0
4913299,0.0
4913664,0.0
4914418,0.0
4916536,0.0
4917866,0.0
4918227,0.0
4918741,0.0
4919276,0.0
4919999,0.0
4921710,0.0
4926429,0.0
4927348,0.0
4929309,0.0
4930214,0.0
4933850,0.0
4937086,0.0
4937640,0.0
4941663,0.0
4942908,0.0
4947058,0.0
4947245,0.0
4948869,0.0
4949661,0.0
4953174,0.0
4955017,0.0
4955100,0.0
4955770,0.0
4958289,0.0
4959888,0.0
4961319,0.0
4961537,0.0
4961541,0.0
4962538,0.0
4964597,0.0
4968617,0.0
4968740,0.0
4972481,0.0
4973917,0.0
4974017,0.0
4978589,0.0
4978721,0.0
4981237,0.0
4982623,0.0
4986535,0.0
4990167,0.0
4990739,0.0
4990942,0.0
4992204,0.0
4992858,0.0
4993201,0.0
4998808,0.0
